,norm_income,rate_of_drugs_crime,no_english_in_household,median_age,population_density,unemployment_rate,no_qualification,total_crime_rate,people_in_bad_health,green_space
0,463.9944713199723,82.76623137759793,119.27023945267959,39.0,2312.5,4.5,6.7,612.0,3.4,18.6
1,45.74982722874914,83.97271952259165,256.99912510936133,29.0,9884.6,14.5,16.4,182.6,4.3,19.6
2,34.83068417415342,47.12041884816754,79.32510702593805,32.0,7464.3,12.2,31.2,91.4,6.7,22.4
3,38.76986869384935,50.6108202443281,105.44774374561608,32.0,8923.1,13.8,28.0,98.8,7.0,3.0
4,45.6807187284036,26.42276422764228,65.19533231861999,34.0,2970.6,12.1,29.1,97.4,6.8,56.4
5,72.77125086385627,54.77707006369427,45.27913558013893,37.0,3014.3,11.0,29.9,74.4,5.9,51.1
6,37.80234968901175,61.05263157894736,118.91385767790263,32.0,8357.1,12.7,28.9,81.2,6.4,18.1
7,13.061506565307532,91.91655801825294,186.6523143164693,28.0,11409.1,17.2,25.5,122.2,5.9,20.3
8,40.635798203178986,35.82718651211802,76.99597251836057,33.0,8730.8,12.3,30.0,83.6,6.3,17.1
9,26.468555632342778,43.90681003584229,62.080148251100304,32.0,5425.0,14.3,32.1,102.9,6.7,38.4
10,98.61782999308916,57.14285714285714,118.81720430107526,32.0,7218.8,9.2,22.7,78.8,4.6,30.3
11,27.85072563925363,45.563549160671464,82.40081383519838,32.0,5473.7,12.7,32.1,80.2,7.0,45.8
12,30.33863165169316,41.00529100529101,65.77216521967904,33.0,8250.0,12.7,31.8,76.4,7.1,17.5
13,42.4326192121631,57.5609756097561,96.24590576971529,32.0,3055.6,12.3,29.9,93.2,5.5,20.8
14,35.59087767795439,28.388928317955994,112.01011378002529,29.0,1367.1,15.2,24.1,130.5,5.6,44.4
15,40.29025570145128,29.447852760736197,70.94062007356806,33.0,7653.8,12.7,32.1,81.9,7.6,16.0
16,31.029716655148583,58.11808118081181,74.60999321727334,33.0,5166.7,14.6,30.3,99.9,6.1,48.0
17,71.04353835521769,41.25950054288816,83.6061445479728,34.0,6656.3,10.4,24.0,86.5,4.9,16.4
18,146.44091223220457,32.82275711159737,102.16207294933157,39.0,5140.6,7.3,17.4,55.6,4.7,28.0
19,46.64823773324119,56.60377358490566,192.8973717146433,32.0,8690.5,11.2,23.6,63.9,6.1,20.2
20,137.80234968901175,39.96003996003996,230.2888368462139,32.0,6483.9,8.8,13.7,99.6,5.1,15.1
21,53.4899792674499,83.46972176759411,232.11446740858506,31.0,6596.2,11.8,18.0,71.3,4.7,20.8
22,128.9564616447823,39.75993998499625,135.57858376511226,34.0,6407.4,7.9,15.0,77.1,5.0,40.3
23,147.20110573600553,43.1578947368421,71.65824529168582,38.0,4263.2,7.3,17.1,58.6,4.5,34.9
24,160.53904630269523,31.609195402298855,104.01926840283005,35.0,6420.0,6.3,14.1,65.0,4.7,37.8
25,132.2045611610228,44.678055190538764,121.21718776124393,35.0,3000.0,7.6,17.0,90.6,4.3,54.0
26,202.21147201105734,35.0,144.5840623508828,37.0,5833.3,5.9,12.3,50.8,3.6,13.7
27,295.0241879751209,11.146496815286623,109.25306577480491,37.0,3404.3,4.5,8.2,78.5,2.7,24.2
28,156.80718728403596,25.837988826815643,175.49561260968477,30.0,6300.0,7.8,16.4,75.8,4.4,14.6
29,134.07049067035246,36.80336487907466,116.89571544058205,35.0,3240.7,7.4,17.8,54.3,4.6,48.8
30,133.44851416724256,49.290515309932786,203.1586503948313,31.0,6607.1,8.1,13.5,72.4,4.1,16.4
31,190.32480995162405,18.414731785428344,62.5764993880049,41.0,1849.4,5.5,13.1,81.4,4.2,47.9
32,168.69384934346925,37.68318213538032,102.25454545454546,36.0,1968.1,6.7,14.0,77.5,4.0,59.0
33,165.92950932964754,36.208732694355696,86.03370058327933,39.0,4803.0,5.7,14.7,59.2,4.6,15.3
34,214.72011057360055,36.48648648648649,137.4269005847953,39.0,1727.3,5.2,13.0,48.7,4.0,57.7
35,118.45196959225984,42.492917847025495,69.00380710659898,39.0,3478.3,8.8,21.6,66.2,5.5,43.7
36,170.00691085003456,40.17467248908297,189.67838444278235,35.0,7545.5,6.3,12.2,69.0,4.2,13.4
37,99.30891499654459,57.26405090137858,247.26863753213368,32.0,5132.4,9.0,17.8,108.1,5.0,32.0
38,130.2695231513476,52.129688493324856,161.88821314798727,36.0,6788.5,7.4,15.7,89.1,5.3,19.3
39,94.9550794747754,64.36781609195403,13.465627214741318,41.0,3603.4,6.0,23.1,41.6,4.5,35.8
40,54.31928127159641,60.526315789473685,51.12813082177603,35.0,3734.4,9.1,23.7,63.6,5.2,33.2
41,118.45196959225984,32.96703296703297,11.544011544011545,41.0,6264.7,4.8,22.4,25.6,4.2,9.5
42,114.37456807187284,62.17616580310881,16.78883896902341,41.0,5214.3,4.8,21.5,35.3,4.1,13.9
43,118.52107809260538,33.333333333333336,16.34222542658015,45.0,5300.0,4.4,22.9,31.1,4.4,9.2
44,112.92328956461645,91.14139693356047,22.64066352835687,41.0,4400.0,5.5,21.0,106.7,4.2,17.3
45,62.19765031098825,71.27882599580713,20.329794443189517,37.0,6968.8,9.4,25.1,42.8,6.0,13.1
46,66.06772633033863,55.13016845329249,19.18616909129243,38.0,2812.5,7.5,25.3,58.0,5.4,42.7
47,71.5272978576365,49.9001996007984,23.157000212449546,40.0,1562.5,7.1,25.1,44.5,6.0,61.6
48,98.34139599170697,188.08777429467085,30.54120817426454,40.0,4037.0,6.1,23.0,58.5,4.6,36.3
49,77.81617138908085,90.33613445378151,32.304038004750595,41.0,4954.5,7.2,26.4,43.7,5.4,26.5
50,51.41672425708362,76.08695652173914,55.83756345177665,33.0,2520.8,10.4,23.6,76.0,5.3,44.6
51,102.14236351071182,77.56813417190776,25.746903084770462,40.0,6382.4,6.1,22.1,44.0,3.6,0.7
52,72.28749136143746,66.87402799377917,49.70891177787729,39.0,4750.0,8.6,23.8,56.4,5.5,36.9
53,119.3503800967519,53.78973105134474,21.428571428571427,42.0,4038.5,5.8,20.9,39.0,5.0,30.0
54,25.086385625431927,85.92132505175984,33.038220686676745,32.0,2035.1,13.1,28.8,83.3,5.7,65.3
55,85.41810642709054,51.8018018018018,18.891374596072584,40.0,5916.7,6.5,23.3,41.7,4.5,13.5
56,148.9288182446441,52.25653206650831,10.955710955710956,43.0,2386.4,4.6,18.9,40.1,3.9,46.8
57,97.7194194885971,96.27329192546584,23.785678517776667,38.0,7964.3,6.0,21.8,28.9,4.1,5.9
58,122.4602626123013,58.4070796460177,22.251891410769915,42.0,4037.0,5.4,19.1,51.8,4.7,25.8
59,42.57083621285418,80.75370121130551,75.69459636840955,31.0,2531.3,14.9,20.8,61.2,4.7,70.5
60,43.53835521769177,73.9385065885798,323.1472569778633,32.0,6690.5,9.0,22.1,97.2,4.4,17.7
61,72.49481686247408,113.74795417348608,228.77751063436287,33.0,5283.3,10.3,18.1,77.1,5.7,31.6
62,121.70006910850034,151.75438596491227,162.42038216560508,34.0,7676.5,7.8,15.9,87.4,5.9,9.6
63,41.32688320663441,91.66666666666666,219.98123827392118,32.0,5847.8,11.4,24.4,89.2,5.4,26.6
64,62.40497581202488,134.6031746031746,237.5913813005002,32.0,8882.4,10.6,19.8,104.3,5.2,11.5
65,80.92605390463027,102.04081632653062,219.02149062642889,34.0,5000.0,9.1,20.3,72.6,4.9,39.3
66,9.467864547339323,212.30243485689877,230.23745115719868,31.0,15636.4,15.6,24.1,136.1,6.5,8.9
67,72.56392536281962,151.04808877928483,219.19841662543297,34.0,13590.9,10.4,19.7,108.5,5.8,6.9
68,142.50172771250863,103.2171581769437,195.8096223486808,38.0,5282.6,7.7,17.3,61.4,4.7,17.0
69,69.31582584657913,208.39813374805598,183.99059806738052,32.0,18944.4,10.9,17.1,113.1,6.3,11.2
70,92.12163096060816,96.72727272727273,213.41366735373396,32.0,11107.1,8.7,14.5,88.4,4.9,9.7
71,131.92812715964064,95.29025191675794,197.63227832809858,34.0,4759.3,8.8,13.4,71.1,4.0,32.0
72,84.24326192121632,144.76987447698744,228.22822822822823,32.0,6479.2,8.9,17.5,76.8,4.7,19.1
73,149.2743607463718,118.2934712346477,143.92731909467642,34.0,10233.3,6.8,13.3,100.8,4.4,19.1
74,76.77954388389773,81.90618019359643,240.7446583456738,33.0,7600.0,8.2,21.4,88.4,5.5,13.7
75,0.0,165.47066272688897,172.28527867186176,29.0,4134.1,17.2,25.9,139.8,6.9,16.3
76,62.88873531444368,110.49210770659239,283.5019615940533,32.0,7142.9,9.2,18.1,71.8,5.3,34.6
77,59.50241879751209,229.75929978118162,266.44736842105266,32.0,5410.7,9.8,19.4,120.7,5.1,19.7
78,46.64823773324119,115.94202898550725,229.3616136410896,33.0,6000.0,10.9,22.6,80.0,5.6,34.2
79,41.74153420870767,119.38872970391596,328.99543378995435,32.0,9218.8,10.3,20.7,142.0,5.3,20.1
80,44.64409122322045,120.60573282855599,258.94181638371515,31.0,10433.3,10.4,18.5,118.1,4.9,36.8
81,200.96751900483758,35.08771929824561,26.981732864085803,42.0,3091.8,4.4,14.5,45.1,4.0,22.1
82,136.97304768486524,40.339702760084926,5.115089514066496,42.0,1204.8,4.8,18.3,47.1,3.4,71.4
83,132.89564616447825,52.5,19.487840231921403,40.0,1825.3,6.6,20.5,52.8,4.4,59.3
84,162.2667588113338,55.705996131528046,48.8265443755058,37.0,4567.6,5.5,13.1,153.0,3.4,18.0
85,176.50310988251556,25.390625,13.20754716981132,43.0,1154.8,4.3,16.4,35.2,3.1,69.2
86,191.15411195577056,37.03703703703704,19.230769230769234,43.0,1432.7,4.5,15.8,72.5,4.0,60.0
87,144.09122322045613,76.65505226480836,38.97985799159542,37.0,6782.6,6.2,15.2,55.2,3.8,16.3
88,159.36420179682102,64.66302367941712,46.273445212240865,38.0,4681.8,5.0,12.1,71.1,3.5,17.1
89,56.25431928127159,34.46359088382435,25.10085163603765,38.0,1165.4,8.7,27.9,116.1,5.7,76.4
90,51.900483759502414,41.72560113154172,24.940968122786305,37.0,4320.5,8.9,28.5,83.9,6.3,24.2
91,72.42570836212855,80.80059303187547,83.27879581151832,34.0,5347.8,10.4,16.9,109.7,5.3,49.3
92,155.70145127850725,13.245033112582782,4.322766570605188,46.0,177.6,4.2,21.9,58.6,3.5,88.8
93,173.80787836903937,27.923211169284468,14.322916666666666,45.0,2100.0,4.7,18.1,39.0,3.7,49.7
94,184.8652384243262,30.927835051546392,10.474631751227497,43.0,1476.9,4.8,15.7,36.5,3.1,69.5
95,174.91361437456806,34.2902711323764,24.600438733939203,42.0,3067.3,4.8,17.1,78.6,3.6,43.6
96,57.083621285418104,41.62330905306972,35.70589617101245,36.0,4187.5,9.6,26.0,95.6,5.9,44.4
97,109.53697304768487,38.430744595676536,22.867055669452768,42.0,3581.4,7.1,22.3,81.1,4.5,26.3
98,90.80856945404285,56.4281559045957,64.12930135557873,35.0,5800.0,9.8,17.0,98.8,4.8,25.2
99,215.34208707671044,28.62595419847328,18.18181818181818,44.0,3186.0,4.0,15.2,38.2,3.1,24.6
100,122.66758811333794,65.26548672566372,39.05651707765355,38.0,3800.0,6.8,18.6,59.5,4.8,40.5
101,209.81340704906702,38.314176245210724,35.594839942666034,43.0,3940.0,4.5,12.1,26.5,2.9,3.1
102,190.60124395300625,33.003300330033,13.300665033251663,44.0,3397.7,4.1,15.2,40.5,3.1,32.6
103,359.57152729785764,45.45454545454545,139.6183330614908,35.0,15875.0,5.6,8.4,64.1,3.9,1.3
104,206.91085003455424,35.004321521175456,195.26872795185724,29.0,10800.0,9.8,7.8,428.5,4.6,9.2
105,272.2874913614375,166.98328267477203,121.25317527519051,34.0,10541.7,6.9,11.7,416.1,5.6,15.2
106,192.1907394609537,89.74358974358974,126.42324303101688,31.0,14875.0,8.9,13.9,104.9,6.4,7.4
107,284.17415342087077,47.56637168141593,161.34485349361384,33.0,11750.0,6.4,9.2,76.9,4.5,18.0
108,464.2709053213545,14.066496163682864,145.54655870445345,36.0,7966.7,5.0,6.1,65.4,2.6,5.7
109,202.7643400138217,86.24708624708624,104.03094462540717,35.0,16071.4,9.1,17.8,76.3,8.0,15.9
110,500.76019350380096,21.617293835068054,104.42307692307692,38.0,4520.0,4.0,6.1,110.5,3.4,54.2
111,155.4250172771251,101.75438596491227,106.77578987438143,32.0,17642.9,10.5,18.6,115.4,7.4,8.2
112,297.16655148583277,28.397565922920894,55.34670008354219,40.0,3421.9,7.2,12.6,90.0,6.0,65.2
113,205.0449205252246,45.37729435757988,162.90480863591756,33.0,10833.3,8.7,12.9,452.6,6.3,7.5
114,217.13890808569457,80.41112454655381,103.74590022440877,32.0,13400.0,6.6,13.6,123.4,5.5,5.3
115,144.713199723566,74.61734693877551,187.39145536644668,33.0,17214.3,9.8,17.4,130.1,7.7,13.4
116,125.36281962681409,61.90975865687303,224.42316064431867,26.0,19583.3,13.5,12.1,162.2,5.2,13.5
117,139.6682791983414,114.79820627802691,156.3727240271332,30.0,10384.6,10.7,17.5,165.2,6.2,27.0
118,100.89841050449205,74.31551499348109,179.13385826771653,30.0,9857.1,12.7,22.7,111.2,8.2,13.5
119,329.02557014512786,34.9264705882353,177.64505119453923,34.0,9923.1,5.6,9.0,84.3,3.8,14.5
120,277.81617138908086,58.659217877094974,139.1259815636736,32.0,13388.9,6.2,9.5,89.1,5.2,8.8
121,98.61782999308916,63.97896581945661,102.07864424731893,34.0,10593.8,8.1,15.3,67.3,4.8,2.3
122,103.45542501727712,73.33333333333333,48.08387563268257,38.0,5481.5,8.0,19.5,60.8,4.4,22.2
123,58.604008293020044,90.0,128.86424731182797,33.0,11607.1,11.0,17.9,73.8,4.7,7.7
124,37.456807187284035,84.92569002123142,168.58728126333762,31.0,6925.9,12.0,20.2,201.5,5.2,4.5
125,141.67242570836214,41.40786749482402,15.472312703583063,44.0,1597.4,6.4,18.2,39.3,4.3,56.8
126,180.58051140290254,33.391915641476274,24.41059878990194,41.0,2700.0,5.7,15.1,42.1,3.8,17.1
127,137.7332411886662,49.69485614646905,65.15216459494214,35.0,4528.6,7.0,12.0,72.4,3.5,19.1
128,108.2930200414651,87.334247828075,136.65943600867678,33.0,4381.6,8.1,12.3,262.7,4.1,17.5
129,3.5245335176226678,69.48228882833787,40.88286932530725,28.0,7666.7,15.6,34.4,63.8,6.5,22.8
130,114.23635107118176,56.261343012704174,27.716593245227607,40.0,1523.0,6.4,17.2,83.2,4.1,61.3
131,156.18521078092607,32.59005145797599,29.926883183132123,39.0,2315.4,6.6,14.6,38.7,3.7,39.6
132,19.419488597097445,59.395248380129594,30.182090296832126,34.0,4520.8,11.7,34.8,85.3,6.2,31.2
133,87.21492743607463,81.33561643835617,130.4706853839802,35.0,6620.0,9.1,16.2,70.6,4.6,16.1
134,160.53904630269523,44.575273338940285,49.68398876404494,38.0,3488.1,5.7,12.9,81.2,3.8,3.8
135,184.8652384243262,52.525252525252526,16.841240501129597,43.0,2039.7,5.6,15.1,38.5,3.7,48.6
136,39.184519695922596,104.89813610749891,115.11659072634681,32.0,7891.3,12.3,18.9,127.1,5.9,18.3
137,167.6572218382861,50.526315789473685,22.36636099306643,45.0,1835.9,4.5,15.2,40.4,3.4,55.2
138,111.67933655839668,42.780748663101605,39.02613677049767,40.0,5125.0,7.6,19.1,39.1,4.3,16.0
139,66.27505183137527,89.92346938775509,82.08182288969445,35.0,6916.7,11.7,15.9,94.5,4.8,17.5
140,60.19350380096752,87.10330857528697,94.2017957692893,34.0,9764.7,12.7,18.7,89.2,4.7,11.2
141,92.74360746371804,61.080657791699295,89.57980606433738,35.0,6211.5,9.8,16.6,79.1,4.5,19.5
142,68.07187284035938,61.61473087818697,89.22037714607374,34.0,4763.9,8.9,19.1,82.3,5.1,32.6
143,49.06703524533518,68.93106893106892,151.11329404060248,32.0,8775.0,11.4,17.9,114.1,5.1,17.7
144,61.64478230822392,101.77332305319969,63.46458964373287,33.0,7636.4,11.8,17.1,77.2,4.6,33.3
145,96.82100898410505,81.17099135063206,210.34152569422278,33.0,8583.3,8.1,14.3,97.3,5.3,24.2
146,147.27021423635105,63.051702395964696,151.0325516275814,35.0,6636.4,7.9,13.1,54.3,4.8,34.8
147,33.72494816862474,72.88888888888889,290.93023255813955,32.0,6065.2,12.1,23.5,80.6,6.3,47.3
148,186.17829993089148,48.302872062663184,185.8020698576973,34.0,7394.7,6.0,7.3,163.6,4.0,6.1
149,166.20594333102972,56.962025316455694,153.8330203175687,35.0,6690.5,7.0,10.8,90.0,4.3,22.2
150,64.54733932273669,52.76848755109625,224.20382165605096,31.0,4360.5,9.3,15.0,143.5,5.1,19.6
151,120.24879060124395,74.70870459218642,168.5969556585043,34.0,7300.0,7.9,15.1,99.9,4.7,34.2
152,43.46924671734624,58.72844827586207,222.01198360138758,32.0,7080.0,10.6,21.9,104.9,5.5,26.2
153,86.93849343469248,45.29616724738676,218.86263516219464,34.0,4235.3,7.8,17.8,79.7,4.5,22.6
154,178.02349689011749,35.747021081576534,237.52039151712887,35.0,4727.3,6.4,9.2,69.9,3.5,26.7
155,94.33310297166551,59.800664451827245,171.55286551919804,35.0,6477.3,8.0,18.2,63.4,5.2,36.1
156,60.88458880442294,68.44547563805105,252.27043390514632,33.0,9300.0,9.8,19.8,61.8,5.0,19.4
157,217.34623358673116,50.07587253414264,111.3013698630137,36.0,9033.3,4.7,8.7,48.6,3.3,25.6
158,96.75190048375951,60.762100926879505,221.2171052631579,34.0,4609.4,7.7,16.9,65.8,4.1,53.3
159,55.83966827919834,89.77189109639441,194.579070184886,33.0,5428.6,9.6,21.5,89.4,4.7,34.4
160,27.09053213545266,49.00181488203267,185.52116684453932,32.0,4328.6,13.0,25.1,109.1,5.9,56.3
161,30.960608154803044,100.36057692307693,256.4717162032598,33.0,3697.4,14.7,21.8,118.4,7.2,47.6
162,92.60539046302695,25.816249050873196,267.4943566591422,34.0,4529.4,7.6,17.4,85.5,4.3,38.3
163,76.71043538355218,79.06388361796333,233.90450840126434,33.0,8764.7,9.6,16.2,106.1,6.8,17.5
164,22.045611610228057,109.27634774162215,359.61272475795295,32.0,8406.3,12.8,23.8,153.1,7.0,14.1
165,15.756738078783691,163.6740331491713,367.2219500244978,30.0,9125.0,13.7,23.6,99.2,6.0,16.3
166,235.72909467864548,71.86858316221766,107.25711399225459,36.0,9642.9,4.9,9.0,72.1,3.7,14.3
167,193.50380096751903,102.79001468428781,141.42518680517588,35.0,8900.0,5.6,10.2,102.0,3.6,20.1
168,90.11748445058743,56.89001264222503,232.61303795169783,33.0,9400.0,8.9,16.7,56.1,5.4,15.3
169,141.32688320663442,35.80562659846547,77.41581259150806,40.0,5600.0,6.7,20.4,55.9,4.6,29.6
170,90.60124395300622,70.5563093622795,70.21276595744682,36.0,819.5,9.1,22.4,53.2,5.8,81.5
171,158.53489979267448,35.80562659846547,95.11025886864813,39.0,1331.7,7.9,19.0,56.5,4.7,68.8
172,4.768486523842433,96.3855421686747,214.3788954921003,30.0,5822.6,17.0,30.5,115.0,6.8,33.2
173,31.789910158949553,64.12103746397695,144.95475499402426,31.0,3500.0,13.4,30.1,86.2,5.9,40.6
174,38.217000691085005,83.9622641509434,139.76284584980237,31.0,5015.2,13.6,26.5,64.0,5.5,39.6
175,182.37733241188667,29.05027932960894,63.951275218880845,41.0,3878.8,5.6,16.1,69.9,4.1,27.4
176,32.96475466482377,85.63782337198928,220.71219680027522,32.0,9083.3,13.3,27.2,68.6,6.3,27.0
177,158.1893572909468,32.028469750889684,54.156855642093824,41.0,2558.8,6.1,18.7,43.1,4.6,56.5
178,42.84727021423635,82.62454434993926,169.41220516660428,34.0,3705.1,11.4,28.5,57.0,6.5,60.6
179,21.078092605390463,67.95224977043159,195.3664147223135,31.0,7545.5,13.8,28.5,65.6,6.4,40.6
180,105.25224602626123,27.12160979877515,180.9704714211708,35.0,8026.3,8.6,20.6,75.0,5.5,15.4
181,24.60262612301313,61.32756132756133,189.61267605633802,30.0,4500.0,14.0,26.9,88.0,5.9,44.5
182,63.51071181755356,62.4561403508772,120.08694077159934,32.0,5034.5,11.0,24.6,97.6,5.1,29.3
183,138.63165169315826,44.776119402985074,116.94026061939415,36.0,5370.4,7.9,16.1,55.4,4.7,27.2
184,150.44920525224603,66.5938864628821,140.27939464493596,38.0,5326.9,7.2,16.3,66.1,4.7,20.6
185,146.09536973047685,28.985507246376812,43.71584699453552,39.0,6818.2,6.4,17.4,55.2,4.1,16.0
186,27.781617138908086,91.61041465766634,140.76576576576576,32.0,6282.6,13.4,30.2,71.8,6.2,30.5
187,23.980649619903247,73.42995169082126,226.9366763098682,31.0,6463.0,14.0,28.3,118.6,6.4,17.6
188,181.54803040774016,43.656207366984994,81.32361189007291,39.0,4821.4,6.0,15.4,54.3,4.0,25.2
189,51.002073255010366,62.39600665557404,76.29107981220658,32.0,5833.3,13.0,25.3,76.3,6.3,43.9
190,217.27712508638564,24.34077079107505,51.687242798353914,37.0,6166.7,5.7,12.1,76.1,4.4,15.5
191,107.04906703524533,44.49648711943794,93.74455480048789,33.0,7225.0,10.3,20.8,59.1,6.1,31.6
192,111.19557705597788,28.871391076115486,35.7487922705314,40.0,5240.0,7.5,25.4,58.2,5.8,20.0
193,156.11610228058052,56.95364238410596,34.24790815333723,41.0,4826.9,6.2,20.0,60.2,4.9,24.6
194,99.58534899792674,42.132416165090284,45.983816854154334,34.0,2739.1,9.4,21.5,92.3,4.9,54.6
195,74.08431237042157,58.959537572254334,63.941299790356396,35.0,4354.2,11.3,30.8,82.8,7.3,30.5
196,52.24602626123013,45.6540825285338,138.2174106480795,31.0,10735.3,14.6,21.4,62.4,5.7,32.6
197,147.82308223911542,98.38472834067548,96.75599435825106,31.0,5928.6,9.2,12.8,123.1,3.9,49.0
198,87.21492743607463,71.86858316221766,75.9319704518124,34.0,5979.2,9.3,23.7,67.9,6.3,28.2
199,83.62128541810642,52.2466039707419,55.73593073593074,36.0,4106.1,10.2,25.5,70.6,6.4,37.0
200,143.7456807187284,32.189750105887335,103.72040586245772,32.0,3133.3,7.2,15.0,167.4,4.7,33.7
201,58.120248790601245,85.49404344779258,145.69874192451547,32.0,7000.0,13.9,21.6,84.9,5.2,41.0
202,117.06979958534899,45.79025110782865,52.04810221721157,37.0,3552.6,9.5,19.4,50.1,4.8,57.1
203,75.81202487906012,45.77883472057075,120.88543912606009,30.0,4125.0,13.4,18.7,84.9,4.6,55.5
204,40.35936420179682,111.97141155449673,136.20635419943378,29.0,6750.0,15.4,21.8,95.7,5.3,39.4
205,67.93365583966828,57.17712914834067,132.85854616895872,30.0,6000.0,13.4,19.9,130.3,5.4,34.9
206,114.7892190739461,75.62189054726367,185.57968045882836,31.0,13937.5,7.6,14.1,90.1,5.7,28.2
207,97.65031098825155,63.85869565217392,163.85846672283066,28.0,19214.3,10.4,23.5,54.7,4.8,12.8
208,50.58742225293711,78.33827893175075,143.64739471805854,30.0,14777.8,14.8,21.1,126.7,6.5,20.5
209,164.47823082239117,57.14285714285714,105.70209464701318,32.0,17500.0,7.8,14.3,77.1,5.8,12.3
210,98.47961299239806,82.29329173166927,140.03730183400683,31.0,16444.4,10.5,15.9,173.2,5.5,17.1
211,105.80511402902556,76.62538699690403,116.50966782350025,31.0,15222.2,9.4,15.6,94.3,5.5,14.2
212,73.18590186592951,215.30802738021157,128.37345003646973,31.0,15750.0,12.8,18.4,127.5,6.9,14.1
213,76.77954388389773,88.06262230919765,154.6808901967997,31.0,13000.0,12.7,19.3,78.6,6.8,33.8
214,80.02764340013822,88.57484076433121,174.23273657289002,30.0,11625.0,10.7,16.1,360.1,6.0,19.1
215,70.76710435383552,97.00520833333333,166.0020676414119,29.0,19000.0,12.3,17.7,101.1,6.0,27.6
216,46.16447823082239,84.26966292134831,134.0596873519659,31.0,6194.4,16.1,24.6,63.9,7.9,67.7
217,71.8728403593642,81.08108108108108,172.58239768199928,31.0,12818.2,12.9,18.5,78.7,6.7,23.0
218,113.68348306841742,58.8235294117647,130.82281236395298,29.0,10250.0,8.9,24.2,62.2,5.6,33.6
219,75.88113337940567,68.3491062039958,194.45056155031932,28.0,12600.0,13.0,29.0,75.5,6.2,28.0
220,85.48721492743609,89.42202835332607,118.2741116751269,31.0,12454.5,10.9,18.8,133.9,7.0,15.6
221,59.15687629578438,97.911227154047,181.67165553764679,27.0,12400.0,15.1,31.7,61.8,6.4,26.5
222,135.9364201796821,84.94208494208493,130.41013041013042,32.0,17857.1,8.4,14.2,103.6,5.8,13.3
223,90.94678645473394,85.25506638714187,104.21836228287842,31.0,16625.0,12.1,19.5,107.6,6.4,20.9
224,53.62819626814098,79.93049522154648,108.91295293627655,30.0,7375.0,14.7,22.8,97.5,7.0,29.5
225,213.54526606772635,65.8554044380816,157.57467358254337,33.0,19166.7,6.3,9.3,121.5,4.2,0.3
226,153.0062197650311,83.09178743961353,147.89862046839912,32.0,17687.5,9.0,13.7,73.1,5.4,3.6
227,206.56530753282652,69.40371456500488,203.53208602902606,32.0,13555.6,7.3,9.3,83.9,4.5,8.8
228,77.12508638562542,66.92607003891051,194.88296135002722,32.0,2691.2,11.7,23.0,140.4,6.2,43.8
229,192.88182446440914,42.868277474668744,155.7475884244373,32.0,15714.3,7.3,14.8,116.6,5.7,3.1
230,191.5687629578438,49.68383017163505,140.4573972879984,31.0,12500.0,6.1,11.7,98.4,4.6,20.9
231,164.201796821009,74.46808510638297,134.34266002299734,33.0,10818.2,8.5,15.0,244.9,6.2,9.4
232,287.28403593642014,31.43893591293833,106.81818181818181,31.0,18333.3,5.0,9.7,75.2,3.6,8.5
233,164.27090532135452,91.14359415305245,194.4844989185292,31.0,19333.3,7.6,11.2,100.3,4.5,10.6
234,325.5010366275052,42.10526315789473,82.35657001850709,37.0,5000.0,4.2,9.9,88.7,3.7,54.7
235,355.90877677954387,41.39900071377588,108.46219931271477,34.0,12000.0,5.6,9.5,129.7,3.4,9.8
236,231.2370421561852,41.48148148148148,116.41419381614443,36.0,9000.0,6.8,9.9,125.0,4.9,16.3
237,215.89495507947478,40.93567251461988,117.66797013864202,31.0,9107.1,7.3,12.8,80.5,4.4,25.0
238,131.8590186592951,85.38130225487713,164.44524495677234,32.0,11090.9,9.2,13.9,323.5,5.8,9.7
239,259.64063579820316,50.73020753266718,118.83999188805517,31.0,16000.0,6.3,9.4,116.2,3.7,0.0
240,86.31651693158258,118.80261927034611,143.34063308779614,31.0,14888.9,12.2,21.5,79.8,6.5,4.2
241,257.7747062888736,19.555555555555554,84.52846588439809,36.0,4557.7,5.6,8.0,94.9,3.6,52.3
242,86.04008293020043,50.99394987035436,215.3209109730849,33.0,9821.4,10.4,17.3,84.1,5.5,25.3
243,48.92881824464409,70.9855272226051,235.22955917322113,32.0,16111.1,12.7,22.5,100.1,6.4,4.9
244,264.7546648237733,22.940563086548487,76.19539043687651,35.0,8892.9,5.0,6.4,77.0,3.0,14.2
245,241.1195577055978,24.277456647398843,82.60276641340347,35.0,6275.0,5.8,9.2,68.9,3.5,24.6
246,110.15894955079474,162.5,242.73441783951748,31.0,8312.5,8.4,14.0,96.2,5.3,45.4
247,283.3448514167243,16.489988221436985,82.01712654614653,35.0,4660.0,4.6,6.4,72.9,3.4,42.4
248,140.08293020041467,84.2627013630731,104.7065044949762,34.0,11545.5,9.3,13.8,63.5,5.7,14.5
249,285.62543192812717,34.11764705882353,70.1246660730187,37.0,6352.9,5.1,8.3,78.7,3.3,31.2
250,51.34761575673808,71.7219589257504,253.52112676056336,31.0,11625.0,11.9,20.8,226.9,7.4,11.5
251,6.012439530062197,95.23809523809523,254.80085348506404,31.0,7605.3,19.4,29.2,120.6,7.2,23.0
252,67.31167933655838,66.22516556291392,258.5446527012128,32.0,13318.2,10.5,20.4,82.5,6.6,20.0
253,76.57221838286108,55.27272727272727,225.2025202520252,30.0,12307.7,11.1,24.4,85.9,5.6,23.4
254,185.76364892881824,29.525032092426187,89.87900902631074,33.0,10727.3,6.6,10.1,66.0,4.6,24.6
255,36.973047684865236,76.59167065581617,257.72151898734177,32.0,10428.6,14.4,22.7,143.1,7.4,10.5
256,23.980649619903247,68.19288845591817,223.25408618127787,30.0,7947.4,14.8,24.7,136.0,6.3,29.0
257,55.56323427781617,115.54447215295096,259.3233371780085,32.0,9571.4,12.4,23.9,89.8,7.0,38.2
258,21.354526606772634,56.082830025884384,192.11618257261412,31.0,7911.8,15.2,30.0,86.2,7.8,27.8
259,63.37249481686247,80.63241106719369,256.1656165616562,32.0,9700.0,10.2,20.0,86.9,6.0,26.8
260,150.44920525224603,48.387096774193544,132.16821409066085,37.0,6333.3,6.4,15.1,48.9,3.7,11.0
261,125.8465791292329,34.257748776508976,124.87035884671229,39.0,2241.1,5.4,17.8,48.8,5.6,57.3
262,67.24257083621285,24.725274725274723,247.64468371467024,33.0,8357.1,8.7,22.5,62.2,4.5,15.0
263,103.52453351762267,47.89053591790194,207.4788902291918,32.0,7352.9,8.0,11.7,140.3,4.2,7.7
264,123.35867311679337,52.76705276705277,150.6849315068493,34.0,3430.6,7.1,13.3,62.9,4.2,43.4
265,97.7194194885971,61.366806136680616,105.28846153846153,39.0,2489.1,8.1,19.4,62.6,5.5,56.3
266,150.24187975120938,20.33271719038817,91.43286573146293,42.0,3257.6,6.0,15.4,50.3,4.4,31.1
267,171.73462335867313,70.0,91.31652661064425,40.0,3075.8,5.6,12.9,39.4,4.1,49.5
268,118.17553559087767,55.15587529976019,158.54870775347914,35.0,7466.7,7.6,13.1,37.2,4.0,14.4
269,60.88458880442294,56.13305613305614,246.76072559746618,34.0,8615.4,8.6,23.4,42.9,5.3,7.2
270,111.61022805805113,47.23127035830619,203.52941176470588,37.0,6250.0,7.0,17.9,54.6,4.5,17.9
271,74.84450587422253,88.43537414965986,202.41411327762302,33.0,7718.8,10.4,17.1,71.4,4.7,8.3
272,166.34416033172081,29.51388888888889,75.05465144522711,42.0,3060.6,5.9,14.7,57.0,4.3,28.6
273,224.11886662059433,38.56041131105398,67.9735234215886,41.0,4375.0,5.0,11.4,37.0,3.0,22.2
274,80.1658604008293,19.005847953216374,261.89821182943604,33.0,7531.3,8.4,20.8,56.8,4.8,23.3
275,129.99308914996544,16.771488469601678,176.11777535441658,37.0,7466.7,6.4,13.7,42.6,3.8,10.7
276,54.31928127159641,57.58426966292135,209.21985815602835,32.0,8600.0,10.1,19.2,55.2,5.4,15.4
277,80.7878369039392,41.78272980501393,198.3645476127671,34.0,7343.8,9.1,17.3,61.1,4.2,18.4
278,119.3503800967519,37.03703703703704,88.19476343592099,42.0,2511.1,7.1,19.7,59.7,6.4,45.8
279,53.83552176917761,99.75961538461539,182.89541473467287,33.0,9541.7,10.9,20.9,72.7,5.2,3.4
280,128.9564616447823,29.227557411273484,144.44746130871573,36.0,6966.7,7.4,13.4,45.8,4.4,19.7
281,71.73462335867312,66.66666666666667,43.784847490980646,35.0,3571.4,8.8,24.9,75.0,5.0,44.9
282,135.17622667588114,35.128805620608894,11.201235998455001,45.0,1901.5,4.6,22.2,34.0,4.8,55.9
283,67.31167933655838,40.19292604501608,21.25999609908328,42.0,3378.4,7.5,29.6,49.8,5.7,55.7
284,149.8963372494817,51.97132616487455,17.026850032743944,45.0,2608.7,4.4,23.1,46.5,4.3,31.2
285,23.42778161713891,61.79775280898876,26.12627700552671,34.0,1891.0,13.0,34.2,84.5,7.1,68.4
286,111.74844505874222,28.91566265060241,16.518936341659952,44.0,4920.0,5.6,25.3,33.7,4.3,24.1
287,87.1458189357291,62.295081967213115,24.76780185758514,40.0,1671.1,7.6,25.8,72.0,5.6,60.7
288,57.636489288182446,55.96465390279823,15.06554490315007,38.0,1331.6,8.5,30.4,52.0,5.7,75.3
289,24.740843123704217,74.03189066059225,25.28779014908473,38.0,3705.9,11.4,35.8,69.7,7.3,45.3
290,113.19972356599861,42.5531914893617,17.234468937875754,42.0,4482.8,5.8,23.7,61.5,4.2,26.0
291,76.71043538355218,28.57142857142857,24.820007578628267,40.0,4316.7,6.8,29.6,59.5,5.2,32.1
292,114.23635107118176,58.50340136054422,16.87267019815578,45.0,3250.0,5.4,25.7,56.5,4.4,32.4
293,65.0310988251555,60.90373280943025,23.823823823823822,40.0,739.6,8.0,29.8,81.4,5.2,79.0
294,88.52798894263994,70.81911262798634,56.06566499721759,35.0,5500.0,7.6,21.0,220.4,4.9,8.1
295,97.0974429854872,56.24404194470925,16.488335379757938,44.0,4963.0,6.1,26.2,78.3,5.1,18.8
296,53.973738769868696,43.51687388987566,25.193085693269584,39.0,2000.0,9.3,31.4,82.8,5.6,45.0
297,130.33863165169316,52.8,12.859439185568853,39.0,5096.2,5.1,20.0,47.2,4.0,16.7
298,187.21492743607462,47.02194357366771,9.228352640879638,46.0,571.1,4.1,19.0,49.6,4.1,82.0
299,42.84727021423635,69.35123042505593,189.8115840893231,31.0,6452.4,11.0,22.4,99.0,5.0,27.8
300,33.794056668970285,91.3942628418946,179.37853107344634,31.0,3431.8,11.8,24.0,99.3,5.7,32.2
301,66.68970283344851,73.2394366197183,98.13912272928667,28.0,4212.1,12.2,17.6,102.2,4.5,40.5
302,152.31513476157568,37.475345167652854,36.9286196802522,40.0,5850.0,5.1,17.2,43.3,3.8,17.7
303,73.39322736696614,56.47058823529412,97.46543778801843,34.0,4233.3,7.8,21.6,66.9,4.2,44.9
304,186.10919143054596,36.682615629984056,37.17001055966209,44.0,2975.6,4.0,13.6,51.4,3.2,33.4
305,96.33724948168624,39.0625,31.25,40.0,490.1,5.8,23.8,68.7,5.6,85.5
306,54.18106427090532,48.29770387965162,170.7865168539326,33.0,523.4,8.2,19.2,308.0,4.2,31.4
307,89.63372494816862,42.87245444801715,64.45226572811262,34.0,3611.1,7.6,19.3,71.8,4.2,48.1
308,200.27643400138217,37.77777777777778,27.70012706480305,44.0,1685.5,4.2,14.6,43.1,3.2,55.7
309,147.3393227366966,35.38461538461538,35.516093229744726,39.0,5750.0,4.3,17.0,56.5,3.5,18.0
310,177.74706288873531,12.232415902140673,69.89951944080384,44.0,1425.7,4.7,13.3,62.0,4.7,61.0
311,146.0262612301313,39.53147877013177,70.75673364685763,40.0,3530.3,6.1,16.6,58.6,4.3,33.3
312,43.123704215618524,75.51487414187643,184.63524854744998,31.0,5500.0,9.6,22.0,88.3,4.5,26.9
313,115.1347615756738,35.21126760563381,76.93960885450248,35.0,1682.4,6.0,18.3,79.8,3.8,62.8
314,31.651693158258464,80.74866310160428,181.40832975525979,31.0,4057.1,11.9,24.7,131.7,5.8,30.8
315,128.33448514167242,51.67394468704512,58.650409922219886,39.0,2630.4,5.6,16.8,113.6,4.1,34.5
316,63.579820317899106,48.82251579551981,100.04074979625102,28.0,4532.3,11.0,14.1,123.9,4.1,26.2
317,50.10366275051832,55.95667870036101,91.70224614813439,33.0,4128.6,9.0,24.3,76.7,5.2,32.0
318,147.40843123704215,34.805890227576974,39.32707013327507,40.0,2431.8,4.6,16.3,69.8,4.1,49.5
319,54.8030407740152,73.92996108949417,174.1176470588235,31.0,5934.8,10.7,19.8,94.1,4.6,33.3
320,47.339322736696616,55.07051712558764,100.06039863096436,32.0,3262.5,9.2,23.7,114.1,5.2,41.3
321,53.83552176917761,61.60714285714286,124.92282362626055,33.0,2897.7,7.7,24.0,87.8,5.1,52.5
322,81.89357290946786,62.84367635506677,149.64729593550555,33.0,4500.0,9.2,17.2,88.4,5.0,42.9
323,251.6931582584658,31.88879803761243,98.00288243771875,37.0,4956.5,5.4,9.3,107.3,3.1,42.2
324,228.1271596406358,16.528925619834713,88.70178186802428,37.0,5523.8,4.3,9.2,73.0,3.6,35.2
325,45.1969592259848,66.182405165456,264.8854961832061,31.0,4574.1,10.1,20.2,100.3,5.6,26.6
326,62.33586731167934,56.63716814159292,140.52132701421803,35.0,3411.8,7.3,26.1,97.4,5.9,36.4
327,72.63303386316517,64.89675516224189,141.75124720454156,31.0,4875.0,7.9,20.5,86.9,3.7,41.4
328,47.61575673807878,53.37361530715005,112.8789507632767,33.0,3697.0,10.0,26.4,81.4,5.5,45.3
329,75.6046993780235,56.63716814159292,109.25306577480491,35.0,3180.6,6.8,23.4,98.7,4.8,41.4
330,68.76295784381479,109.44206008583691,238.7063655030801,33.0,7264.7,9.4,17.3,75.5,5.6,15.8
331,72.8403593642018,72.09062821833162,261.4885114885115,32.0,6175.0,8.8,16.1,78.6,4.7,27.1
332,33.65583966827919,71.47415443522655,239.29282868525897,32.0,3276.3,11.2,21.8,125.9,5.8,39.1
333,89.08085694540428,101.14632501685772,294.9479940564636,31.0,8970.6,8.9,12.8,194.5,3.7,11.1
334,59.571527297857635,99.2063492063492,276.90742624618514,31.0,5285.7,9.2,15.7,85.1,4.8,48.7
335,127.64340013821702,66.55844155844156,132.09939148073022,36.0,6361.1,6.4,15.7,53.8,3.8,17.9
336,53.973738769868696,110.22576361221779,293.7896070975919,32.0,7937.5,8.7,16.3,118.6,5.6,10.2
337,79.61299239806496,58.21205821205822,116.6973227059064,34.0,6000.0,8.1,19.9,80.2,5.5,22.6
338,149.550794747754,60.01765225066196,157.00583819849876,34.0,2079.4,6.3,10.8,86.5,3.6,54.2
339,100.27643400138217,66.33081444164569,134.88773747841105,34.0,4689.7,6.7,16.4,87.6,4.6,42.5
340,200.27643400138217,48.39910647803425,127.50321513871027,36.0,6388.9,5.2,9.9,116.8,3.9,7.4
341,210.9191430545957,88.71851040525739,109.22549196605885,31.0,15250.0,8.2,16.3,149.7,6.0,11.0
342,150.86385625431927,40.61677322301617,165.77141151894955,29.0,13272.7,11.3,15.8,182.1,5.3,13.5
343,117.96821008984105,80.26030368763558,144.00130761686825,31.0,12636.4,9.9,21.0,132.7,7.3,16.4
344,165.03109882515548,38.85135135135135,90.79754601226995,32.0,15125.0,8.7,19.2,97.9,6.8,14.4
345,193.6420179682101,71.8132854578097,126.39545884578999,31.0,12777.8,8.9,15.1,193.7,6.1,9.3
346,97.02833448514167,78.09523809523809,174.69204927211646,31.0,16000.0,10.9,20.6,182.3,7.8,15.9
347,241.87975120939876,44.603033006244424,93.12977099236642,33.0,11650.0,6.9,13.4,96.2,5.1,21.6
348,198.41050449205252,72.54623044096728,127.74193548387098,31.0,13681.8,7.3,12.6,93.4,4.9,10.5
349,149.82722874913614,61.69965075669383,104.16255671730124,33.0,14750.0,10.1,17.9,72.8,7.3,18.3
350,114.09813407049067,56.3165905631659,148.53871648086772,30.0,15000.0,10.3,18.8,87.6,6.6,16.9
351,153.69730476848653,55.08145849495733,115.1053656808925,33.0,12050.0,9.4,16.8,107.0,6.8,16.6
352,151.9004837595024,58.169375534645,105.66037735849056,31.0,16187.5,9.1,17.4,90.3,6.6,10.4
353,167.72633033863167,60.633484162895925,106.23386204352637,33.0,15500.0,9.0,16.5,89.1,6.3,8.1
354,224.0497581202488,45.22968197879858,99.58355965960529,32.0,12888.9,7.7,15.5,244.0,6.3,9.6
355,199.10158949550794,52.90396779758482,94.67242620590353,32.0,14812.5,8.4,17.3,146.8,6.5,10.4
356,139.87560469937802,69.1358024691358,126.32100396301188,32.0,16625.0,9.9,17.3,91.4,7.2,13.3
357,564.6164478230822,47.04595185995623,260.85141903171956,35.0,16583.3,5.5,6.3,91.9,3.5,5.9
358,742.6399447131997,32.45582401730977,268.33935785668723,36.0,8800.0,4.1,6.6,315.1,2.8,10.8
359,765.3766413268833,76.47058823529413,182.81489036206017,37.0,9055.6,4.2,4.5,146.0,2.6,27.9
360,378.9219073946095,75.44836116264688,155.18425268940263,35.0,20875.0,9.5,13.1,193.7,6.5,10.5
361,694.6786454733932,57.34406438631791,282.65149857799173,33.0,17800.0,5.5,3.8,111.7,2.5,13.3
362,384.588804422944,43.12354312354312,172.31920199501246,39.0,13250.0,9.8,15.4,107.9,7.1,29.2
363,387.3531444367657,65.65176022835395,295.5006080259424,34.0,18100.0,7.7,8.4,116.1,5.2,10.0
364,185.62543192812717,132.16195569136747,169.34697855750488,34.0,9888.9,14.3,22.5,147.1,9.1,34.6
365,625.7774706288874,60.077519379844965,247.7696674776967,38.0,14583.3,5.7,9.2,117.9,3.6,8.5
366,565.9295093296475,95.70957095709572,209.27627156621105,36.0,9750.0,6.1,7.0,93.2,3.5,28.2
367,542.5708362128541,101.44927536231884,143.61960213488598,38.0,12357.1,7.7,14.2,95.7,5.4,15.3
368,275.74291637871454,97.8494623655914,145.50710672127198,35.0,15833.3,12.4,19.4,97.9,7.9,9.3
369,582.7919834139599,162.92541636495295,202.23010643689813,35.0,15300.0,5.1,6.2,180.5,3.2,11.9
370,729.2328956461645,24.193548387096772,249.48749487494877,34.0,16333.3,5.1,3.8,101.2,1.8,5.8
371,562.1976503109883,43.70860927152318,215.86089906700593,35.0,13142.9,4.5,5.2,82.1,2.7,28.4
372,672.0110573600552,44.30379746835443,167.11590296495956,43.0,8055.6,4.3,9.0,130.8,3.3,43.1
373,267.3116793365584,97.5609756097561,134.98098859315587,35.0,13285.7,11.1,21.5,83.8,7.7,21.9
374,569.8686938493435,34.83043079743354,193.00873907615482,37.0,11642.9,4.5,7.3,133.9,3.6,9.1
375,144.43676572218382,38.70967741935484,81.82626741772903,39.0,3425.9,5.4,15.8,50.3,3.3,43.5
376,153.9737387698687,68.45238095238096,68.75725900116144,36.0,6300.0,5.9,11.9,35.6,4.1,10.8
377,137.45680718728403,45.39559014267185,132.77268093781854,37.0,5342.1,6.4,15.2,76.0,4.4,26.5
378,187.90601243953006,57.19237435008666,94.83438485804416,33.0,10333.3,5.1,9.0,46.5,2.8,7.0
379,103.59364201796821,44.345898004434595,50.08891523414345,38.0,4605.3,5.7,21.9,51.5,4.5,27.5
380,113.95991706979959,47.43083003952569,38.90954151177199,37.0,1348.7,5.1,19.1,49.4,3.6,75.7
381,188.4588804422944,34.883720930232556,139.44655453065656,34.0,2352.3,7.6,10.7,58.2,3.3,42.1
382,174.4989633724948,36.61971830985915,110.83333333333334,38.0,6093.8,5.5,11.7,36.4,3.2,11.0
383,144.57498272287492,77.67517653449212,111.52111521115211,31.0,5763.2,8.1,8.5,336.3,3.4,23.6
384,79.40566689702834,67.70098730606489,135.80246913580245,32.0,7807.7,9.3,17.7,69.9,4.6,34.5
385,148.0995162404976,53.125,84.03597526700393,40.0,5250.0,5.1,15.7,33.9,3.3,21.6
386,148.99792674498963,32.608695652173914,127.26723095525996,41.0,4090.9,5.1,15.9,40.9,4.1,28.2
387,180.85694540428474,40.0,89.1156462585034,31.0,7464.3,8.7,6.7,59.8,2.6,23.9
388,162.40497581202487,48.19277108433735,69.51987834021291,35.0,6176.5,4.9,10.7,31.6,3.5,5.8
389,109.39875604699378,34.36988543371522,80.38585209003216,36.0,3788.5,5.7,18.4,62.0,3.8,33.1
390,219.48859709744298,63.49206349206349,60.57357276869472,39.0,6000.0,4.2,10.1,39.4,2.8,22.7
391,130.7532826537664,38.205980066445186,136.76148796498904,32.0,6466.7,8.7,14.5,310.3,4.4,31.6
392,118.31375259156876,73.76523412443873,111.22569239835003,31.0,14454.5,8.2,13.8,98.1,4.5,13.1
393,223.49689011748444,54.93630573248408,75.53093259464451,31.0,9961.5,5.3,8.3,97.0,3.4,27.9
394,176.01935038009674,57.73501110288675,78.10478654592497,31.0,12636.4,6.2,10.9,194.4,4.2,13.2
395,56.945404284727026,153.0847904981854,132.57575757575756,30.0,14041.7,14.4,17.6,179.9,5.8,14.4
396,122.39115411195577,121.3918544879399,117.6023124904914,30.0,16777.8,7.8,13.3,167.5,4.7,10.2
397,96.12992398064962,67.84452296819788,76.54859828772872,33.0,8593.8,11.0,18.4,102.9,5.4,25.7
398,143.67657221838286,55.493273542600896,108.4818684695759,33.0,7575.0,8.1,12.2,117.8,4.4,37.9
399,98.82515549412578,75.45731707317073,115.98746081504702,33.0,9866.7,11.6,15.9,88.6,5.2,13.3
400,101.72771250863856,97.94628751974724,129.67615857063095,29.0,15727.3,9.0,13.9,109.8,4.5,20.0
401,119.76503109882515,108.76548875631023,150.3641296587177,31.0,11692.3,7.3,13.0,143.4,4.5,24.9
402,104.83759502418798,121.85354691075514,123.84775498067202,33.0,11958.3,9.1,16.3,121.8,5.5,20.7
403,126.19212163096061,59.52380952380952,158.04783451842275,32.0,10428.6,7.9,12.6,115.1,4.1,13.2
404,81.68624740843124,133.10104529616726,177.99906643846273,32.0,16500.0,10.6,16.2,96.6,4.7,13.2
405,120.24879060124395,33.24808184143223,124.42622950819673,33.0,11000.0,8.4,13.5,82.0,4.7,14.2
406,96.61368348306843,42.115572967678744,158.13084112149534,33.0,8470.6,9.8,17.0,70.9,4.7,26.6
407,111.0573600552868,53.81944444444445,142.40153085632275,32.0,9966.7,8.7,13.9,77.1,4.1,18.3
408,145.47339322736696,52.30386052303861,101.34600158353128,31.0,11454.5,8.7,14.2,63.7,4.5,22.4
409,142.70905321354527,52.87356321839081,87.15674569333105,33.0,9133.3,8.9,12.7,95.3,4.3,19.7
410,86.73116793365584,83.39272986457591,112.50377529447297,31.0,15850.0,10.8,14.7,88.5,5.2,16.6
411,79.75120939875605,113.34674714956405,121.14718971485084,31.0,12909.1,12.0,16.0,105.0,5.9,16.8
412,38.76986869384935,60.13513513513514,62.22367774684788,34.0,4790.3,12.3,25.4,99.7,6.9,46.7
413,158.60400829302003,120.05365526492287,73.95298147283201,34.0,6130.4,7.8,13.2,105.7,4.7,34.6
414,95.92259847961299,97.79688339602365,104.77471418964359,31.0,10117.6,9.5,11.8,108.2,4.0,13.5
415,104.63026952315136,79.81220657276995,70.5532212885154,36.0,8026.3,9.9,17.3,55.9,4.7,3.0
416,136.62750518313752,36.05313092979127,70.09420405556442,35.0,8823.5,8.1,15.3,70.3,4.6,20.7
417,35.038009675190054,68.94049346879535,62.36594621349612,34.0,6083.3,13.1,30.2,94.4,6.8,30.1
418,32.48099516240498,57.24953329184816,159.81403457794565,29.0,9250.0,13.5,19.1,96.5,5.2,22.6
419,121.83828610919143,40.26845637583892,82.23178604365201,34.0,8277.8,8.9,13.9,80.0,4.4,22.2
420,78.852798894264,66.21226874391431,70.36557748301522,36.0,6125.0,9.5,22.5,69.9,5.5,21.6
421,115.68762957843815,80.20050125313283,93.89101006594933,33.0,9093.8,10.4,12.8,82.3,4.8,25.6
422,138.5625431928127,43.91582799634035,81.17088607594937,35.0,8138.9,7.2,14.6,74.6,4.7,11.9
423,75.53559087767796,78.1959766385464,124.19062419062419,32.0,8333.3,10.4,16.1,176.1,5.2,13.6
424,40.22114720110574,67.16417910447761,153.43673965936742,30.0,8777.8,13.5,17.9,152.7,5.2,16.6
425,105.18313752591568,71.54882154882154,72.16341136126435,34.0,9235.3,8.8,16.2,75.7,4.6,9.7
426,66.20594333102972,69.1699604743083,102.44526130733578,33.0,8333.3,12.5,18.0,134.9,5.9,24.1
427,86.80027643400139,54.252199413489734,71.24981598704548,35.0,9235.3,10.4,18.7,86.9,5.5,13.1
428,88.25155494125778,61.49732620320856,108.8256746900073,31.0,10966.7,10.0,14.4,68.2,4.8,16.1
429,50.93296475466482,48.47129008202833,68.39153247693143,34.0,6500.0,12.1,25.9,93.8,6.2,27.9
430,209.32964754664823,91.26984126984127,124.56217162872154,33.0,7392.9,4.5,10.1,97.4,3.4,12.8
431,176.01935038009674,47.12041884816754,77.10144927536231,40.0,4227.3,5.0,17.0,41.1,3.8,42.7
432,138.83897719419488,68.47935548841893,162.79069767441862,32.0,9772.7,5.8,13.3,92.4,4.2,14.5
433,53.35176226675881,102.02117420596727,144.9074074074074,33.0,3833.3,11.0,24.5,90.3,5.3,50.0
434,261.29923980649625,65.59571619812583,73.18894697535475,33.0,7750.0,3.4,7.8,80.3,2.3,15.2
435,61.85210780926054,91.4572864321608,163.07692307692307,32.0,10272.7,10.9,21.0,88.1,5.0,23.0
436,106.63441603317209,71.90635451505015,230.99161607400984,33.0,10944.4,8.2,15.8,60.7,3.8,12.3
437,279.88942639944713,51.58730158730158,113.38508586215008,35.0,7500.0,3.7,6.4,56.0,2.5,5.7
438,85.14167242570836,70.27818448023426,195.83023082650783,32.0,8625.0,8.4,18.1,66.0,4.4,19.0
439,94.60953697304768,55.64924114671164,144.81623697202414,34.0,6700.0,9.7,19.1,59.0,4.6,36.6
440,138.28610919143057,22.151898734177216,58.72093023255814,39.0,5083.3,5.0,20.9,34.5,3.6,34.3
441,219.8341395991707,66.26506024096386,101.06820049301561,37.0,5305.6,5.0,11.5,69.5,2.9,18.9
442,71.80373185901865,63.002680965147455,93.50366947540093,34.0,4704.5,10.5,21.7,72.1,4.2,52.8
443,75.39737387698688,75.13661202185793,131.25988402741172,35.0,5555.6,9.1,23.7,73.2,5.4,37.8
444,254.66482377332412,31.185031185031185,86.9044768972947,37.0,5157.9,4.0,9.7,49.1,3.4,24.4
445,77.26330338631651,84.14239482200647,117.20321931589538,35.0,5805.6,8.3,23.7,59.1,5.4,41.6
446,231.99723565998616,94.03254972875226,97.54385964912281,33.0,8954.5,4.3,9.2,112.3,3.2,15.7
447,414.58189357290945,46.391752577319586,82.97320656871219,43.0,1371.0,3.2,6.8,68.5,2.6,62.2
448,196.12992398064964,38.93805309734513,92.9460580912863,37.0,4950.0,5.6,13.9,57.1,3.1,32.3
449,270.9053213545266,27.820710973724886,83.78063010501751,33.0,4891.3,3.6,7.8,57.5,2.7,28.5
450,54.8030407740152,58.23016964695094,235.2941176470588,29.0,2420.6,14.1,19.2,143.0,5.4,30.9
451,35.38355217691776,66.71159029649596,264.00162337662334,29.0,17888.9,14.5,22.4,92.2,5.8,6.1
452,14.789219073946095,68.46108835576361,185.7764876632801,30.0,5960.0,16.0,25.7,114.7,6.7,21.7
453,45.05874222529371,57.180851063829785,198.96193771626298,29.0,8972.2,12.0,22.6,93.1,5.8,26.6
454,37.042156185210786,55.15320334261838,195.58944765045342,30.0,6428.6,12.7,25.3,133.0,6.1,30.6
455,41.18866620594333,50.81898362032759,290.64779064779066,29.0,16050.0,13.6,19.3,148.3,5.3,10.9
456,40.91223220456116,54.56349206349206,315.3424657534247,28.0,15500.0,14.8,19.9,72.3,6.2,12.3
457,33.86316516931583,52.79503105590062,196.58634538152612,29.0,8722.2,14.6,24.3,82.0,5.8,23.5
458,56.11610228058051,63.32842415316642,209.68870234347676,30.0,13666.7,12.3,17.8,82.8,5.7,13.8
459,58.46579129232896,88.91213389121339,255.12330670371657,29.0,14583.3,13.0,17.6,109.3,5.5,2.2
460,34.968901174844504,67.5422138836773,332.31564114607795,28.0,22857.1,15.4,20.3,66.6,5.1,2.4
461,31.16793365583967,86.63967611336032,326.8472906403941,28.0,19062.5,16.1,21.6,81.0,5.9,3.2
462,20.939875604699377,70.5521472392638,272.83395266966556,28.0,8815.8,17.8,23.2,77.9,5.9,48.6
463,34.968901174844504,80.89500860585198,275.621456607065,28.0,11884.6,15.4,20.7,75.2,6.2,26.6
464,28.541810642709052,66.02112676056338,235.99453445246925,29.0,15600.0,15.3,23.6,72.8,6.2,10.3
465,36.28196268140981,69.33652121936642,219.21364985163206,29.0,11821.4,13.8,21.8,101.1,5.1,14.5
466,91.77608845888044,47.882136279926335,180.54919908466817,29.0,2250.0,10.2,14.1,100.6,3.8,57.8
467,68.90117484450587,76.42099537666576,235.2460133569579,29.0,4261.9,11.1,13.9,205.4,4.7,11.2
468,40.77401520387008,66.07929515418502,297.017797017797,29.0,10678.6,14.1,19.6,60.7,5.1,33.9
469,40.635798203178986,87.18861209964413,220.92592592592592,30.0,12076.9,12.7,20.9,71.6,5.6,27.2
470,94.88597097442985,115.74406901509705,128.47152847152847,34.0,1709.3,9.2,19.6,94.6,5.1,76.8
471,116.03317208016587,106.25,128.36100070142624,36.0,8466.7,8.7,17.2,63.0,4.9,1.3
472,113.26883206634416,48.19277108433735,67.25514922236233,37.0,4519.2,7.3,19.9,63.6,4.8,36.0
473,89.35729094678646,69.42889137737961,99.2248062015504,32.0,9600.0,9.8,18.5,62.0,4.0,4.8
474,172.08016586040085,42.31166150670795,58.16059569329845,35.0,7766.7,5.0,12.3,83.2,3.6,3.3
475,133.37940566689701,88.0952380952381,108.97123354461239,36.0,5340.0,8.0,17.0,62.9,5.0,19.9
476,33.93227366966137,104.03726708074534,251.1816340310601,29.0,11384.6,14.4,18.6,174.1,5.1,7.7
477,103.73185901865929,108.28625235404897,150.99502487562188,33.0,5375.0,10.2,17.6,82.3,5.1,33.4
478,97.0974429854872,90.73359073359073,81.75594039468385,37.0,3541.7,7.3,21.2,81.3,5.2,48.2
479,80.37318590186592,100.95642933049947,80.4694048616932,37.0,5909.1,9.1,23.4,72.4,5.4,24.9
480,64.0635798203179,95.87813620071685,185.13189448441247,31.0,8250.0,12.3,18.1,84.5,5.1,30.6
481,44.574982722874914,39.162112932604735,74.18622255866768,36.0,2330.4,10.3,28.9,84.1,7.5,59.8
482,20.041465100207326,111.86825667234527,236.81631052734758,28.0,12846.2,16.8,20.1,105.4,5.7,18.3
483,79.75120939875605,98.05924412665985,134.8367394879023,32.0,7263.2,11.1,20.5,70.9,5.0,16.8
484,206.56530753282652,62.605752961082906,38.1108253448679,44.0,3387.1,4.2,15.0,56.3,3.8,29.9
485,79.06012439530062,96.11992945326278,175.81998474446985,31.0,8047.6,10.6,17.4,67.1,4.4,21.4
486,129.4402211472011,63.59102244389027,86.54050605996173,35.0,5282.6,7.5,15.9,66.0,3.7,35.7
487,69.79958534899792,79.25925925925927,193.37942593756546,31.0,7285.7,12.7,18.4,88.2,5.1,30.0
488,169.66136834830684,44.30379746835443,65.13339466421343,38.0,5975.0,4.9,14.9,66.1,4.8,10.6
489,73.39322736696614,148.40062926061879,210.0752508361204,31.0,9500.0,13.1,16.6,133.8,4.9,13.8
490,181.8244644091223,67.74809160305344,56.67752442996743,40.0,2240.4,5.6,15.2,90.0,4.0,64.2
491,331.0988251554941,43.41085271317829,82.86778398510242,39.0,3450.0,4.9,9.1,62.3,3.2,54.4
492,339.11541119557705,14.492753623188406,55.16742953505179,38.0,1793.1,3.3,6.6,59.7,2.1,76.7
493,250.86385625431927,29.77667493796526,39.74600188146755,38.0,5342.1,3.8,10.8,39.7,3.2,32.7
494,205.94333102971666,38.74813710879285,76.17977528089888,40.0,1101.1,6.5,14.1,64.8,4.4,81.9
495,227.1596406357982,51.19453924914676,40.24916147580259,41.0,1449.3,4.1,12.5,58.6,4.0,74.7
496,147.27021423635105,44.0251572327044,53.59765051395007,40.0,4947.4,5.8,17.6,67.7,4.8,28.2
497,227.22874913614373,114.86486486486487,44.668911335578,39.0,3796.3,5.5,10.0,57.8,3.2,50.0
498,121.76917760884588,42.13938411669368,86.52373660030628,37.0,5447.4,7.5,20.4,59.6,4.7,27.0
499,290.32480995162405,23.776223776223777,75.94681708299758,38.0,3180.6,4.7,7.5,62.4,2.5,56.6
500,265.99861782999307,24.577572964669738,52.216150576806314,37.0,5763.2,4.7,9.8,59.5,3.3,41.7
501,275.05183137525916,29.87012987012987,68.32949067281493,37.0,3803.6,4.9,10.2,72.3,3.3,54.1
502,299.23980649619904,43.2,48.05392476625353,36.0,5600.0,3.5,6.6,55.8,2.1,23.5
503,297.02833448514167,69.39371804236669,84.55882352941177,38.0,4018.5,4.2,7.1,126.2,2.6,47.3
504,281.34070490670354,33.333333333333336,40.02965159377316,36.0,5911.8,4.4,6.4,41.8,2.2,26.7
505,272.01105736005525,29.459901800327334,40.72790294627384,39.0,2407.0,4.0,7.7,59.0,2.9,64.0
506,280.9951624049758,58.3756345177665,72.12033793529775,37.0,5200.0,3.9,6.2,75.8,2.5,37.8
507,207.8092605390463,23.21083172147002,44.39252336448598,37.0,4220.0,4.3,13.4,49.0,3.5,45.6
508,176.9177608845888,38.80070546737213,67.12113266911379,39.0,6125.0,5.4,17.0,57.9,4.1,21.3
509,101.52038700760194,112.2754491017964,107.35322059661789,32.0,14666.7,11.7,15.2,101.2,4.8,7.0
510,61.43745680718728,85.43263964950712,133.7302864499517,32.0,15050.0,12.9,19.3,121.3,5.7,1.6
511,140.70490670352453,70.64760302775441,104.06582768635043,30.0,8305.6,11.1,12.7,238.6,4.9,15.3
512,115.20387007601934,83.05002428363282,133.4402566158781,29.0,19000.0,8.6,11.3,135.5,3.9,5.6
513,162.19765031098825,39.41338221814849,53.46534653465346,36.0,3703.1,8.3,13.6,92.1,4.4,43.7
514,225.3628196268141,50.0,55.88068718142345,34.0,12350.0,5.9,12.3,66.4,4.3,0.7
515,54.31928127159641,108.55855855855856,136.51732882502114,31.0,10500.0,11.9,20.8,192.2,6.1,24.1
516,52.176917760884585,129.75098296199215,145.67556795536072,31.0,14277.8,14.4,21.8,118.8,5.2,30.0
517,122.1147201105736,72.992700729927,107.88912579957356,30.0,12833.3,8.5,15.7,124.5,4.7,4.5
518,36.4201796821009,224.1283895960155,118.61051115910728,31.0,10107.1,15.7,23.8,127.7,5.8,4.5
519,82.23911541119558,108.34371108343711,136.12735542560102,31.0,17687.5,11.7,19.4,113.5,5.9,3.8
520,76.43400138217001,157.41507870753935,90.58864998237574,33.0,10500.0,13.1,21.1,88.4,7.1,20.1
521,45.95715272978576,152.4390243902439,122.65011863478736,30.0,16388.9,15.0,19.6,111.2,5.3,7.0
522,164.4091223220456,99.40119760479043,58.72042068361087,34.0,5891.3,7.5,13.8,61.6,4.3,45.7
523,167.38078783690395,84.50704225352112,127.46217527833286,32.0,11076.9,7.3,13.5,147.9,4.3,23.2
524,107.67104353835522,91.57754010695187,151.86054307743882,30.0,9166.7,9.2,17.5,108.8,4.8,34.1
525,55.49412577747063,77.51396648044692,146.3244281473721,31.0,13800.0,11.8,21.9,103.8,5.2,3.0
526,147.61575673807877,70.48458149779736,77.30037276829508,32.0,9730.8,8.3,12.4,71.8,3.9,20.0
527,190.8776779543884,44.88330341113106,154.4312169312169,31.0,7105.3,6.1,11.8,82.5,3.8,40.3
528,116.72425708362128,89.02877697841727,84.71656749138741,33.0,11142.9,10.2,17.5,142.6,5.6,6.0
529,335.38355217691776,49.246231155778894,34.71615720524018,37.0,4446.4,4.5,9.4,79.9,2.9,33.8
530,110.71181755355909,27.900146842878122,37.651721575427295,39.0,2070.0,5.9,19.8,65.8,4.1,53.0
531,76.98686938493435,35.24229074889868,41.52418172936004,38.0,3451.6,8.2,21.0,63.6,5.2,39.1
532,158.81133379405668,36.0655737704918,48.20110701107011,40.0,4391.3,4.6,13.7,30.2,3.3,19.0
533,138.49343469246716,45.7516339869281,37.4076721467715,39.0,5050.0,5.4,15.4,60.6,3.1,27.0
534,158.8804422944022,37.03703703703704,24.356103023516237,41.0,1373.2,4.8,15.5,38.8,3.4,68.2
535,178.43814789219073,37.11790393013101,33.46959632089934,43.0,2653.8,4.1,14.6,44.3,3.7,24.7
536,142.84727021423635,26.0707635009311,36.12356751370204,42.0,5631.6,4.6,18.6,50.2,3.4,10.4
537,37.80234968901175,37.48488512696493,81.17519042437432,33.0,8000.0,9.3,27.3,68.9,5.2,26.0
538,109.95162404975812,35.52397868561279,51.70657157412124,40.0,5375.0,4.5,20.5,52.4,3.4,21.5
539,77.5397373876987,79.19331037875062,97.44378243321161,35.0,8500.0,7.5,18.6,184.0,5.4,12.9
540,99.37802349689012,39.920159680638726,60.518731988472624,39.0,5473.7,6.2,21.6,48.2,4.6,27.0
541,121.76917760884588,43.583535108958834,96.68792429541247,38.0,7423.1,5.2,15.7,42.8,4.8,8.1
542,132.8265376641327,48.19277108433735,77.77777777777779,37.0,5888.9,5.1,13.5,39.2,3.5,23.1
543,87.69868693849344,38.397328881469114,37.054745398039685,37.0,6800.0,6.7,22.2,58.7,4.0,18.0
544,105.39046302695232,40.25764895330113,44.30660168365087,37.0,6687.5,5.9,16.4,58.0,3.8,19.9
545,98.41050449205252,36.312849162011176,43.03232998885173,40.0,6029.4,6.8,18.7,69.9,4.7,9.5
546,48.65238424326193,53.984575835475574,56.87103594080338,33.0,5571.4,8.9,23.7,66.5,4.9,40.5
547,123.15134761575673,28.513238289205706,61.04090811736989,36.0,5875.0,5.3,17.2,41.8,3.0,22.3
548,104.5611610228058,60.81504702194358,150.15796320386545,29.0,17250.0,11.7,22.1,115.6,6.9,6.1
549,75.39737387698688,133.65853658536585,230.93058733791,27.0,15833.3,14.9,21.4,143.9,7.3,16.9
550,170.28334485141673,98.31649831649831,218.51167090362839,30.0,6550.0,9.0,14.6,75.6,4.3,42.2
551,109.6060815480304,125.17680339462517,109.47687642153146,29.0,7842.1,10.1,21.4,94.9,6.3,30.3
552,148.0995162404976,236.11111111111111,112.79696546216809,29.0,10038.5,10.3,20.3,126.9,5.8,43.0
553,68.07187284035938,70.12987012987013,220.43115167993784,27.0,13272.7,17.1,25.5,79.1,6.8,11.7
554,49.20525224602626,53.92156862745098,186.34721429929644,28.0,12458.3,18.6,30.7,95.5,7.7,12.5
555,104.76848652384244,101.09717868338558,196.8503937007874,29.0,14636.4,12.3,21.9,79.3,6.2,23.4
556,87.69868693849344,98.62068965517241,163.67713004484304,27.0,16944.4,13.9,19.5,95.1,5.9,12.4
557,72.49481686247408,115.04424778761062,200.12911555842481,27.0,12227.3,16.3,23.3,109.2,6.5,33.4
558,206.0124395300622,58.57519788918206,234.35911653266797,30.0,9320.0,8.1,11.4,81.3,3.3,35.0
559,75.9502418797512,149.92389649923896,197.7696462798397,28.0,16350.0,15.5,26.9,80.4,7.9,21.2
560,245.4042847270214,60.985797827903085,158.74079035498994,32.0,8366.7,6.2,12.3,95.4,4.4,37.0
561,105.66689702833449,139.55408753096614,231.81427343078246,29.0,15250.0,12.8,21.3,79.4,6.5,24.2
562,137.94056668970285,178.91910036925142,246.4102564102564,28.0,17250.0,13.6,17.2,287.8,6.5,1.4
563,118.17553559087767,166.9902912621359,166.8760093307016,30.0,16625.0,11.0,20.6,193.6,6.7,15.0
564,116.72425708362128,116.12903225806453,248.40434707607383,28.0,16611.1,10.4,17.1,134.8,6.0,5.4
565,46.71734623358673,38.3177570093458,182.43785084202085,30.0,15444.4,12.6,19.2,77.0,5.1,5.0
566,32.6883206634416,56.394763343403824,200.0,29.0,11590.9,13.9,19.3,77.9,5.3,22.6
567,78.09260539046304,48.97959183673469,140.93959731543623,32.0,7861.1,9.1,18.7,86.6,4.1,31.2
568,102.97166551485833,30.585106382978722,30.221625251846877,43.0,2797.3,6.6,24.2,72.7,5.5,54.9
569,96.75190048375951,56.19834710743802,38.397724579284194,41.0,5400.0,8.0,23.5,56.0,5.1,18.5
570,74.98272287491362,66.47807637906648,183.70165745856355,31.0,6350.0,10.3,19.3,111.3,5.3,40.4
571,77.33241188666206,46.75028506271379,212.45210727969348,31.0,16333.3,9.8,15.7,59.7,4.3,4.3
572,104.83759502418798,39.263803680981596,59.287592636863494,36.0,4956.5,8.0,20.0,71.5,4.4,41.4
573,75.25915687629578,28.91566265060241,44.036291214870545,39.0,4645.8,8.1,26.2,74.4,6.4,37.7
574,64.20179682100898,50.0,179.90275526742303,31.0,4580.6,9.2,18.3,193.0,4.7,56.4
575,35.245335176226675,55.827619980411356,156.86677631578945,31.0,4140.6,12.6,23.7,77.1,6.0,56.7
576,64.82377332411887,54.794520547945204,172.42015875946095,32.0,12727.3,12.1,19.0,104.3,5.6,10.6
577,67.24257083621285,45.0,63.13188047629746,38.0,5428.6,8.7,26.2,87.7,5.9,31.4
578,36.69661368348307,41.24293785310734,211.72056458817224,31.0,6057.7,12.5,23.0,112.4,5.9,40.1
579,33.44851416724257,37.22721437740693,208.37334357595543,30.0,7125.0,13.8,21.1,109.3,5.8,27.1
580,97.78852798894263,43.065693430656935,154.24430641821945,32.0,9961.5,9.7,15.1,105.8,4.1,5.8
581,55.632342778161714,54.78331970564186,190.17269736842104,31.0,9133.3,10.2,20.8,89.3,5.3,29.0
582,59.50241879751209,36.84879288437103,78.72192637184533,36.0,5750.0,9.0,26.1,136.9,5.6,17.6
583,66.41326883206635,59.23694779116466,168.81547139403708,32.0,13350.0,9.8,20.4,74.6,5.0,5.3
584,66.89702833448514,45.774647887323944,143.56341509792736,33.0,7472.2,10.8,20.8,84.5,5.3,34.4
585,304.28472702142363,24.282560706401764,65.20356234096693,32.0,12333.3,3.9,7.1,91.8,2.7,11.7
586,222.66758811333796,41.88481675392671,82.86691542288557,31.0,8111.1,5.3,9.1,65.4,3.7,47.9
587,200.0,54.07882676443629,81.87658747945615,32.0,11071.4,4.9,11.9,70.4,3.5,16.7
588,252.17691776088458,26.525198938992045,93.09007326533545,33.0,9437.5,4.0,7.9,49.9,3.3,11.0
589,247.33932273669663,31.20567375886525,70.62146892655367,31.0,9766.7,3.9,8.5,96.2,2.9,11.2
590,135.52176917760886,51.03280680437424,129.01058289937848,33.0,11071.4,9.4,15.5,53.1,4.3,18.8
591,132.6883206634416,56.83269476372925,144.4262295081967,32.0,15250.0,7.5,14.7,102.7,4.5,2.6
592,103.31720801658605,81.03855232100709,114.86086441681469,31.0,14000.0,9.4,17.9,82.5,5.4,12.5
593,272.90946786454737,41.794087665647304,67.21885950939789,32.0,12291.7,4.3,8.9,66.5,3.5,9.5
594,333.5176226675881,20.286396181384248,57.06478058190002,32.0,8823.5,3.1,6.7,111.7,2.4,34.0
595,149.20525224602628,54.36241610738255,153.7389100126743,31.0,5109.4,7.4,11.9,91.1,3.9,38.5
596,59.640635798203185,42.73504273504273,154.93432132030986,29.0,3659.1,13.5,18.2,79.9,5.6,70.6
597,203.9391845196959,50.314465408805034,113.49257585539057,33.0,11857.1,5.9,11.4,76.6,3.6,26.9
598,268.41741534208705,45.64315352697095,56.71548769086943,31.0,15777.8,4.4,10.9,84.9,3.5,2.4
599,242.4326192121631,25.974025974025977,90.43853342918763,33.0,10866.7,4.3,10.1,75.6,2.8,17.0
600,328.1271596406358,32.27771010962241,58.224384311340835,33.0,7842.1,3.2,6.3,110.2,2.3,34.5
601,113.19972356599861,38.280725319006045,151.90713101160864,30.0,10156.3,8.7,14.4,91.6,4.6,33.7
602,280.37318590186595,30.501089324618736,45.25939177101967,34.0,5464.3,5.2,11.0,60.0,3.5,48.2
603,157.29094678645473,43.296089385474865,134.5177664974619,32.0,9676.5,6.5,14.3,43.5,4.2,31.9
604,188.25155494125778,31.290743155149936,95.30674355277911,34.0,8194.4,6.0,14.5,52.0,4.9,20.5
605,400.2764340013822,47.46317512274959,203.53302611367127,36.0,10227.3,4.9,10.0,54.3,4.5,7.2
606,368.7629578438148,61.53846153846154,238.95253682487726,34.0,20600.0,5.9,7.5,107.3,4.8,3.8
607,388.52798894264,55.817081371889714,288.13833225597926,33.0,17142.9,5.9,8.2,247.8,4.1,2.1
608,232.06634416033174,278.5515320334262,173.8653803990353,35.0,16083.3,9.6,19.1,111.6,7.5,22.2
609,83.82861091914305,129.21810699588477,271.87963551599915,32.0,29375.0,16.9,28.1,103.4,10.9,7.6
610,178.16171389080856,116.04439959636731,179.20883164673413,33.0,24100.0,11.8,18.4,82.2,7.6,3.0
611,326.74498963372497,54.832713754646846,341.3820492454329,33.0,12450.0,7.6,11.1,172.9,5.2,8.9
612,1000.0,150.749063670412,239.0520350334879,35.0,2583.3,3.8,5.7,229.7,1.8,69.1
613,359.57152729785764,135.35684987694833,322.4333480630431,32.0,22000.0,6.8,7.1,184.7,4.0,8.6
614,352.3151347615757,144.77766287487074,199.47400364151324,35.0,17750.0,6.2,11.5,90.8,5.8,15.5
615,310.4353835521769,88.65248226950355,151.5625,33.0,17000.0,6.8,13.2,82.9,5.9,27.2
616,490.6012439530062,13.96032329169728,217.80162842339007,34.0,10350.0,4.7,5.8,394.5,2.9,6.1
617,146.9937802349689,142.57228315054834,152.19929933826393,33.0,20916.7,13.3,22.6,79.9,9.0,4.4
618,321.7691776088459,124.50592885375494,236.56640757012502,36.0,5260.9,6.6,13.0,83.6,6.0,62.2
619,404.76848652384245,115.1844843897824,199.88770353733855,34.0,3085.7,7.0,10.7,1565.9,4.9,30.7
620,332.89564616447825,65.57377049180329,151.47569444444446,37.0,20375.0,5.8,12.5,59.9,5.7,32.4
621,322.25293711126466,52.83757338551859,170.2420783310372,36.0,14285.7,7.7,11.7,102.2,5.6,30.0
622,372.8403593642018,99.00990099009901,158.80597014925374,34.0,15666.7,6.2,9.4,161.2,5.2,4.0
623,148.4450587422253,153.71329879101899,241.22479462285287,33.0,18214.3,11.9,22.4,90.8,8.7,19.2
624,440.1520387007602,83.21768674929416,242.03389830508473,36.0,5300.0,6.0,9.6,1971.4,4.5,3.9
